﻿kind,hotel_id,asof_date,target_month,missing_count,missing_sample,message,path,severity
asof_missing,daikokucho,2025-12-22,,1,,,C:\Users\中村圭一\projects\rm-booking-curve-lab\data\pms_nface_raw\daikokucho,WARN
raw_missing,daikokucho,2025-08-30,202510,1,202510,,C:\Users\中村圭一\projects\rm-booking-curve-lab\data\pms_nface_raw\daikokucho,ERROR
stale_latest_asof,daikokucho,2025-12-21,,0,,最新ASOFが 1 日前です,C:\Users\中村圭一\projects\rm-booking-curve-lab\data\pms_nface_raw\daikokucho,WARN
snapshot_pair_missing,daikokucho,2022-09-17,202209,1,202209,raw exists but daily snapshot is missing,C:\Users\中村圭一\projects\rm-booking-curve-lab\output\daily_snapshots_daikokucho.csv,ERROR
snapshot_pair_missing,daikokucho,2022-09-17,202210,1,202210,raw exists but daily snapshot is missing,C:\Users\中村圭一\projects\rm-booking-curve-lab\output\daily_snapshots_daikokucho.csv,ERROR
snapshot_pair_missing,daikokucho,2022-10-03,202210,1,202210,raw exists but daily snapshot is missing,C:\Users\中村圭一\projects\rm-booking-curve-lab\output\daily_snapshots_daikokucho.csv,ERROR
snapshot_pair_missing,daikokucho,2022-09-17,202211,1,202211,raw exists but daily snapshot is missing,C:\Users\中村圭一\projects\rm-booking-curve-lab\output\daily_snapshots_daikokucho.csv,ERROR
snapshot_pair_missing,daikokucho,2022-09-06,202212,1,202212,raw exists but daily snapshot is missing,C:\Users\中村圭一\projects\rm-booking-curve-lab\output\daily_snapshots_daikokucho.csv,ERROR
snapshot_pair_missing,daikokucho,2022-10-05,202301,1,202301,raw exists but daily snapshot is missing,C:\Users\中村圭一\projects\rm-booking-curve-lab\output\daily_snapshots_daikokucho.csv,ERROR
snapshot_pair_missing,daikokucho,2022-10-16,202301,1,202301,raw exists but daily snapshot is missing,C:\Users\中村圭一\projects\rm-booking-curve-lab\output\daily_snapshots_daikokucho.csv,ERROR
snapshot_pair_missing,daikokucho,2023-01-19,202302,1,202302,raw exists but daily snapshot is missing,C:\Users\中村圭一\projects\rm-booking-curve-lab\output\daily_snapshots_daikokucho.csv,ERROR
snapshot_pair_missing,daikokucho,2023-04-23,202304,1,202304,raw exists but daily snapshot is missing,C:\Users\中村圭一\projects\rm-booking-curve-lab\output\daily_snapshots_daikokucho.csv,ERROR
snapshot_pair_missing,daikokucho,2023-02-03,202305,1,202305,raw exists but daily snapshot is missing,C:\Users\中村圭一\projects\rm-booking-curve-lab\output\daily_snapshots_daikokucho.csv,ERROR
snapshot_pair_missing,daikokucho,2023-04-23,202305,1,202305,raw exists but daily snapshot is missing,C:\Users\中村圭一\projects\rm-booking-curve-lab\output\daily_snapshots_daikokucho.csv,ERROR
snapshot_pair_missing,daikokucho,2023-04-23,202306,1,202306,raw exists but daily snapshot is missing,C:\Users\中村圭一\projects\rm-booking-curve-lab\output\daily_snapshots_daikokucho.csv,ERROR
snapshot_pair_missing,daikokucho,2023-04-23,202307,1,202307,raw exists but daily snapshot is missing,C:\Users\中村圭一\projects\rm-booking-curve-lab\output\daily_snapshots_daikokucho.csv,ERROR
snapshot_pair_missing,daikokucho,2023-06-11,202308,1,202308,raw exists but daily snapshot is missing,C:\Users\中村圭一\projects\rm-booking-curve-lab\output\daily_snapshots_daikokucho.csv,ERROR
snapshot_pair_missing,daikokucho,2023-12-18,202401,1,202401,raw exists but daily snapshot is missing,C:\Users\中村圭一\projects\rm-booking-curve-lab\output\daily_snapshots_daikokucho.csv,ERROR
snapshot_pair_missing,daikokucho,2024-03-09,202405,1,202405,raw exists but daily snapshot is missing,C:\Users\中村圭一\projects\rm-booking-curve-lab\output\daily_snapshots_daikokucho.csv,ERROR
snapshot_pair_missing,daikokucho,2024-08-31,202411,1,202411,raw exists but daily snapshot is missing,C:\Users\中村圭一\projects\rm-booking-curve-lab\output\daily_snapshots_daikokucho.csv,ERROR
snapshot_pair_missing,daikokucho,2024-09-08,202411,1,202411,raw exists but daily snapshot is missing,C:\Users\中村圭一\projects\rm-booking-curve-lab\output\daily_snapshots_daikokucho.csv,ERROR
snapshot_pair_missing,daikokucho,2024-12-31,202412,1,202412,raw exists but daily snapshot is missing,C:\Users\中村圭一\projects\rm-booking-curve-lab\output\daily_snapshots_daikokucho.csv,ERROR
snapshot_pair_missing,daikokucho,2024-10-19,202501,1,202501,raw exists but daily snapshot is missing,C:\Users\中村圭一\projects\rm-booking-curve-lab\output\daily_snapshots_daikokucho.csv,ERROR
