﻿kind,hotel_id,asof_date,target_month,missing_count,missing_sample,message,path,severity
raw_missing,daikokucho,2022-04-28,202207,1,202207,,C:\Users\中村圭一\projects\rm-booking-curve-lab\data\pms_nface_raw\daikokucho,ERROR
raw_missing,daikokucho,2022-09-20,202209,1,202209,,C:\Users\中村圭一\projects\rm-booking-curve-lab\data\pms_nface_raw\daikokucho,ERROR
raw_missing,daikokucho,2022-09-25,202209,1,202209,,C:\Users\中村圭一\projects\rm-booking-curve-lab\data\pms_nface_raw\daikokucho,ERROR
raw_missing,daikokucho,2022-09-20,202210,1,202210,,C:\Users\中村圭一\projects\rm-booking-curve-lab\data\pms_nface_raw\daikokucho,ERROR
raw_missing,daikokucho,2022-09-25,202210,1,202210,,C:\Users\中村圭一\projects\rm-booking-curve-lab\data\pms_nface_raw\daikokucho,ERROR
raw_missing,daikokucho,2022-08-08,202211,1,202211,,C:\Users\中村圭一\projects\rm-booking-curve-lab\data\pms_nface_raw\daikokucho,ERROR
raw_missing,daikokucho,2022-09-20,202211,1,202211,,C:\Users\中村圭一\projects\rm-booking-curve-lab\data\pms_nface_raw\daikokucho,ERROR
raw_missing,daikokucho,2022-09-25,202211,1,202211,,C:\Users\中村圭一\projects\rm-booking-curve-lab\data\pms_nface_raw\daikokucho,ERROR
raw_missing,daikokucho,2022-09-20,202212,1,202212,,C:\Users\中村圭一\projects\rm-booking-curve-lab\data\pms_nface_raw\daikokucho,ERROR
raw_missing,daikokucho,2022-09-25,202212,1,202212,,C:\Users\中村圭一\projects\rm-booking-curve-lab\data\pms_nface_raw\daikokucho,ERROR
raw_missing,daikokucho,2022-09-28,202212,1,202212,,C:\Users\中村圭一\projects\rm-booking-curve-lab\data\pms_nface_raw\daikokucho,ERROR
raw_missing,daikokucho,2022-10-20,202301,1,202301,,C:\Users\中村圭一\projects\rm-booking-curve-lab\data\pms_nface_raw\daikokucho,ERROR
raw_missing,daikokucho,2022-10-30,202301,1,202301,,C:\Users\中村圭一\projects\rm-booking-curve-lab\data\pms_nface_raw\daikokucho,ERROR
raw_missing,daikokucho,2022-12-31,202304,1,202304,,C:\Users\中村圭一\projects\rm-booking-curve-lab\data\pms_nface_raw\daikokucho,ERROR
raw_missing,daikokucho,2023-01-09,202304,1,202304,,C:\Users\中村圭一\projects\rm-booking-curve-lab\data\pms_nface_raw\daikokucho,ERROR
raw_missing,daikokucho,2023-02-02,202304,1,202304,,C:\Users\中村圭一\projects\rm-booking-curve-lab\data\pms_nface_raw\daikokucho,ERROR
raw_missing,daikokucho,2023-02-03,202304,1,202304,,C:\Users\中村圭一\projects\rm-booking-curve-lab\data\pms_nface_raw\daikokucho,ERROR
raw_missing,daikokucho,2023-02-05,202304,1,202304,,C:\Users\中村圭一\projects\rm-booking-curve-lab\data\pms_nface_raw\daikokucho,ERROR
raw_missing,daikokucho,2023-04-24,202304,1,202304,,C:\Users\中村圭一\projects\rm-booking-curve-lab\data\pms_nface_raw\daikokucho,ERROR
raw_missing,daikokucho,2023-04-27,202304,1,202304,,C:\Users\中村圭一\projects\rm-booking-curve-lab\data\pms_nface_raw\daikokucho,ERROR
raw_missing,daikokucho,2023-01-31,202305,1,202305,,C:\Users\中村圭一\projects\rm-booking-curve-lab\data\pms_nface_raw\daikokucho,ERROR
raw_missing,daikokucho,2023-02-02,202305,1,202305,,C:\Users\中村圭一\projects\rm-booking-curve-lab\data\pms_nface_raw\daikokucho,ERROR
raw_missing,daikokucho,2023-04-24,202305,1,202305,,C:\Users\中村圭一\projects\rm-booking-curve-lab\data\pms_nface_raw\daikokucho,ERROR
raw_missing,daikokucho,2023-04-27,202305,1,202305,,C:\Users\中村圭一\projects\rm-booking-curve-lab\data\pms_nface_raw\daikokucho,ERROR
raw_missing,daikokucho,2023-04-24,202306,1,202306,,C:\Users\中村圭一\projects\rm-booking-curve-lab\data\pms_nface_raw\daikokucho,ERROR
raw_missing,daikokucho,2023-04-27,202306,1,202306,,C:\Users\中村圭一\projects\rm-booking-curve-lab\data\pms_nface_raw\daikokucho,ERROR
raw_missing,daikokucho,2023-04-24,202307,1,202307,,C:\Users\中村圭一\projects\rm-booking-curve-lab\data\pms_nface_raw\daikokucho,ERROR
raw_missing,daikokucho,2023-04-27,202307,1,202307,,C:\Users\中村圭一\projects\rm-booking-curve-lab\data\pms_nface_raw\daikokucho,ERROR
raw_missing,daikokucho,2023-07-27,202308,1,202308,,C:\Users\中村圭一\projects\rm-booking-curve-lab\data\pms_nface_raw\daikokucho,ERROR
raw_missing,daikokucho,2023-06-11,202309,1,202309,,C:\Users\中村圭一\projects\rm-booking-curve-lab\data\pms_nface_raw\daikokucho,ERROR
raw_missing,daikokucho,2023-10-03,202312,1,202312,,C:\Users\中村圭一\projects\rm-booking-curve-lab\data\pms_nface_raw\daikokucho,ERROR
raw_missing,daikokucho,2024-09-08,202409,1,202409,,C:\Users\中村圭一\projects\rm-booking-curve-lab\data\pms_nface_raw\daikokucho,ERROR
raw_missing,daikokucho,2024-09-10,202409,1,202409,,C:\Users\中村圭一\projects\rm-booking-curve-lab\data\pms_nface_raw\daikokucho,ERROR
raw_missing,daikokucho,2024-09-08,202410,1,202410,,C:\Users\中村圭一\projects\rm-booking-curve-lab\data\pms_nface_raw\daikokucho,ERROR
raw_missing,daikokucho,2024-09-10,202410,1,202410,,C:\Users\中村圭一\projects\rm-booking-curve-lab\data\pms_nface_raw\daikokucho,ERROR
raw_missing,daikokucho,2024-09-12,202410,1,202410,,C:\Users\中村圭一\projects\rm-booking-curve-lab\data\pms_nface_raw\daikokucho,ERROR
raw_missing,daikokucho,2024-09-10,202411,1,202411,,C:\Users\中村圭一\projects\rm-booking-curve-lab\data\pms_nface_raw\daikokucho,ERROR
raw_missing,daikokucho,2024-09-07,202412,1,202412,,C:\Users\中村圭一\projects\rm-booking-curve-lab\data\pms_nface_raw\daikokucho,ERROR
raw_missing,daikokucho,2024-09-08,202412,1,202412,,C:\Users\中村圭一\projects\rm-booking-curve-lab\data\pms_nface_raw\daikokucho,ERROR
raw_missing,daikokucho,2024-09-10,202412,1,202412,,C:\Users\中村圭一\projects\rm-booking-curve-lab\data\pms_nface_raw\daikokucho,ERROR
raw_missing,daikokucho,2024-10-12,202501,1,202501,,C:\Users\中村圭一\projects\rm-booking-curve-lab\data\pms_nface_raw\daikokucho,ERROR
raw_missing,daikokucho,2025-08-30,202510,1,202510,,C:\Users\中村圭一\projects\rm-booking-curve-lab\data\pms_nface_raw\daikokucho,ERROR
raw_missing,daikokucho,2025-12-22,202512,1,202512,,C:\Users\中村圭一\projects\rm-booking-curve-lab\data\pms_nface_raw\daikokucho,ERROR
raw_missing,daikokucho,2025-12-22,202601,1,202601,,C:\Users\中村圭一\projects\rm-booking-curve-lab\data\pms_nface_raw\daikokucho,ERROR
raw_missing,daikokucho,2025-12-22,202602,1,202602,,C:\Users\中村圭一\projects\rm-booking-curve-lab\data\pms_nface_raw\daikokucho,ERROR
raw_missing,daikokucho,2025-12-22,202603,1,202603,,C:\Users\中村圭一\projects\rm-booking-curve-lab\data\pms_nface_raw\daikokucho,ERROR
snapshot_pair_missing,daikokucho,2022-09-17,202209,1,202209,raw exists but daily snapshot is missing,C:\Users\中村圭一\projects\rm-booking-curve-lab\output\daily_snapshots_daikokucho.csv,ERROR
snapshot_pair_missing,daikokucho,2022-09-17,202210,1,202210,raw exists but daily snapshot is missing,C:\Users\中村圭一\projects\rm-booking-curve-lab\output\daily_snapshots_daikokucho.csv,ERROR
snapshot_pair_missing,daikokucho,2022-10-03,202210,1,202210,raw exists but daily snapshot is missing,C:\Users\中村圭一\projects\rm-booking-curve-lab\output\daily_snapshots_daikokucho.csv,ERROR
snapshot_pair_missing,daikokucho,2022-09-17,202211,1,202211,raw exists but daily snapshot is missing,C:\Users\中村圭一\projects\rm-booking-curve-lab\output\daily_snapshots_daikokucho.csv,ERROR
snapshot_pair_missing,daikokucho,2022-09-06,202212,1,202212,raw exists but daily snapshot is missing,C:\Users\中村圭一\projects\rm-booking-curve-lab\output\daily_snapshots_daikokucho.csv,ERROR
snapshot_pair_missing,daikokucho,2022-10-05,202301,1,202301,raw exists but daily snapshot is missing,C:\Users\中村圭一\projects\rm-booking-curve-lab\output\daily_snapshots_daikokucho.csv,ERROR
snapshot_pair_missing,daikokucho,2022-10-16,202301,1,202301,raw exists but daily snapshot is missing,C:\Users\中村圭一\projects\rm-booking-curve-lab\output\daily_snapshots_daikokucho.csv,ERROR
snapshot_pair_missing,daikokucho,2023-01-19,202302,1,202302,raw exists but daily snapshot is missing,C:\Users\中村圭一\projects\rm-booking-curve-lab\output\daily_snapshots_daikokucho.csv,ERROR
snapshot_pair_missing,daikokucho,2023-04-23,202304,1,202304,raw exists but daily snapshot is missing,C:\Users\中村圭一\projects\rm-booking-curve-lab\output\daily_snapshots_daikokucho.csv,ERROR
snapshot_pair_missing,daikokucho,2023-02-03,202305,1,202305,raw exists but daily snapshot is missing,C:\Users\中村圭一\projects\rm-booking-curve-lab\output\daily_snapshots_daikokucho.csv,ERROR
snapshot_pair_missing,daikokucho,2023-04-23,202305,1,202305,raw exists but daily snapshot is missing,C:\Users\中村圭一\projects\rm-booking-curve-lab\output\daily_snapshots_daikokucho.csv,ERROR
snapshot_pair_missing,daikokucho,2023-04-23,202306,1,202306,raw exists but daily snapshot is missing,C:\Users\中村圭一\projects\rm-booking-curve-lab\output\daily_snapshots_daikokucho.csv,ERROR
snapshot_pair_missing,daikokucho,2023-04-23,202307,1,202307,raw exists but daily snapshot is missing,C:\Users\中村圭一\projects\rm-booking-curve-lab\output\daily_snapshots_daikokucho.csv,ERROR
snapshot_pair_missing,daikokucho,2023-06-11,202308,1,202308,raw exists but daily snapshot is missing,C:\Users\中村圭一\projects\rm-booking-curve-lab\output\daily_snapshots_daikokucho.csv,ERROR
snapshot_pair_missing,daikokucho,2023-12-18,202401,1,202401,raw exists but daily snapshot is missing,C:\Users\中村圭一\projects\rm-booking-curve-lab\output\daily_snapshots_daikokucho.csv,ERROR
snapshot_pair_missing,daikokucho,2024-03-09,202405,1,202405,raw exists but daily snapshot is missing,C:\Users\中村圭一\projects\rm-booking-curve-lab\output\daily_snapshots_daikokucho.csv,ERROR
snapshot_pair_missing,daikokucho,2024-08-31,202411,1,202411,raw exists but daily snapshot is missing,C:\Users\中村圭一\projects\rm-booking-curve-lab\output\daily_snapshots_daikokucho.csv,ERROR
snapshot_pair_missing,daikokucho,2024-09-08,202411,1,202411,raw exists but daily snapshot is missing,C:\Users\中村圭一\projects\rm-booking-curve-lab\output\daily_snapshots_daikokucho.csv,ERROR
snapshot_pair_missing,daikokucho,2024-12-31,202412,1,202412,raw exists but daily snapshot is missing,C:\Users\中村圭一\projects\rm-booking-curve-lab\output\daily_snapshots_daikokucho.csv,ERROR
snapshot_pair_missing,daikokucho,2024-10-19,202501,1,202501,raw exists but daily snapshot is missing,C:\Users\中村圭一\projects\rm-booking-curve-lab\output\daily_snapshots_daikokucho.csv,ERROR
