﻿kind,hotel_id,asof_date,target_month,missing_count,missing_sample,message,path,severity
raw_missing,daikokucho,2025-08-30,202510,1,202510,,C:\Users\中村圭一\projects\rm-booking-curve-lab\data\pms_nface_raw\daikokucho,ERROR
snapshot_pair_missing,daikokucho,2023-04-23,202304,1,202304,raw exists but daily snapshot is missing,C:\Users\中村圭一\projects\rm-booking-curve-lab\output\daily_snapshots_daikokucho.csv,ERROR
snapshot_pair_missing,daikokucho,2023-02-03,202305,1,202305,raw exists but daily snapshot is missing,C:\Users\中村圭一\projects\rm-booking-curve-lab\output\daily_snapshots_daikokucho.csv,ERROR
snapshot_pair_missing,daikokucho,2023-04-23,202305,1,202305,raw exists but daily snapshot is missing,C:\Users\中村圭一\projects\rm-booking-curve-lab\output\daily_snapshots_daikokucho.csv,ERROR
snapshot_pair_missing,daikokucho,2023-04-23,202306,1,202306,raw exists but daily snapshot is missing,C:\Users\中村圭一\projects\rm-booking-curve-lab\output\daily_snapshots_daikokucho.csv,ERROR
snapshot_pair_missing,daikokucho,2023-04-23,202307,1,202307,raw exists but daily snapshot is missing,C:\Users\中村圭一\projects\rm-booking-curve-lab\output\daily_snapshots_daikokucho.csv,ERROR
snapshot_pair_missing,daikokucho,2023-06-11,202308,1,202308,raw exists but daily snapshot is missing,C:\Users\中村圭一\projects\rm-booking-curve-lab\output\daily_snapshots_daikokucho.csv,ERROR
snapshot_pair_missing,daikokucho,2023-12-18,202401,1,202401,raw exists but daily snapshot is missing,C:\Users\中村圭一\projects\rm-booking-curve-lab\output\daily_snapshots_daikokucho.csv,ERROR
snapshot_pair_missing,daikokucho,2024-03-09,202405,1,202405,raw exists but daily snapshot is missing,C:\Users\中村圭一\projects\rm-booking-curve-lab\output\daily_snapshots_daikokucho.csv,ERROR
snapshot_pair_missing,daikokucho,2024-08-31,202411,1,202411,raw exists but daily snapshot is missing,C:\Users\中村圭一\projects\rm-booking-curve-lab\output\daily_snapshots_daikokucho.csv,ERROR
snapshot_pair_missing,daikokucho,2024-09-08,202411,1,202411,raw exists but daily snapshot is missing,C:\Users\中村圭一\projects\rm-booking-curve-lab\output\daily_snapshots_daikokucho.csv,ERROR
snapshot_pair_missing,daikokucho,2024-12-31,202412,1,202412,raw exists but daily snapshot is missing,C:\Users\中村圭一\projects\rm-booking-curve-lab\output\daily_snapshots_daikokucho.csv,ERROR
