﻿kind,hotel_id,asof_date,target_month,missing_count,missing_sample,message,path,severity
asof_missing,domemae,2025-12-13,,1,,,C:\Users\中村圭一\projects\rm-booking-curve-lab\data\pms_nface_raw\domemae,WARN
asof_missing,domemae,2025-12-14,,1,,,C:\Users\中村圭一\projects\rm-booking-curve-lab\data\pms_nface_raw\domemae,WARN
asof_missing,domemae,2025-12-15,,1,,,C:\Users\中村圭一\projects\rm-booking-curve-lab\data\pms_nface_raw\domemae,WARN
asof_missing,domemae,2025-12-16,,1,,,C:\Users\中村圭一\projects\rm-booking-curve-lab\data\pms_nface_raw\domemae,WARN
asof_missing,domemae,2025-12-17,,1,,,C:\Users\中村圭一\projects\rm-booking-curve-lab\data\pms_nface_raw\domemae,WARN
asof_missing,domemae,2025-12-18,,1,,,C:\Users\中村圭一\projects\rm-booking-curve-lab\data\pms_nface_raw\domemae,WARN
asof_missing,domemae,2025-12-19,,1,,,C:\Users\中村圭一\projects\rm-booking-curve-lab\data\pms_nface_raw\domemae,WARN
asof_missing,domemae,2025-12-20,,1,,,C:\Users\中村圭一\projects\rm-booking-curve-lab\data\pms_nface_raw\domemae,WARN
asof_missing,domemae,2025-12-21,,1,,,C:\Users\中村圭一\projects\rm-booking-curve-lab\data\pms_nface_raw\domemae,WARN
asof_missing,domemae,2025-12-22,,1,,,C:\Users\中村圭一\projects\rm-booking-curve-lab\data\pms_nface_raw\domemae,WARN
asof_missing,domemae,2025-12-23,,1,,,C:\Users\中村圭一\projects\rm-booking-curve-lab\data\pms_nface_raw\domemae,WARN
asof_missing,domemae,2025-12-24,,1,,,C:\Users\中村圭一\projects\rm-booking-curve-lab\data\pms_nface_raw\domemae,WARN
asof_missing,domemae,2025-12-25,,1,,,C:\Users\中村圭一\projects\rm-booking-curve-lab\data\pms_nface_raw\domemae,WARN
raw_missing,domemae,2025-10-01,202601,1,202601,,C:\Users\中村圭一\projects\rm-booking-curve-lab\data\pms_nface_raw\domemae,ERROR
raw_missing,domemae,2025-10-02,202601,1,202601,,C:\Users\中村圭一\projects\rm-booking-curve-lab\data\pms_nface_raw\domemae,ERROR
raw_missing,domemae,2025-10-03,202601,1,202601,,C:\Users\中村圭一\projects\rm-booking-curve-lab\data\pms_nface_raw\domemae,ERROR
raw_missing,domemae,2025-10-04,202601,1,202601,,C:\Users\中村圭一\projects\rm-booking-curve-lab\data\pms_nface_raw\domemae,ERROR
raw_missing,domemae,2025-10-05,202601,1,202601,,C:\Users\中村圭一\projects\rm-booking-curve-lab\data\pms_nface_raw\domemae,ERROR
raw_missing,domemae,2025-10-06,202601,1,202601,,C:\Users\中村圭一\projects\rm-booking-curve-lab\data\pms_nface_raw\domemae,ERROR
raw_missing,domemae,2025-10-07,202601,1,202601,,C:\Users\中村圭一\projects\rm-booking-curve-lab\data\pms_nface_raw\domemae,ERROR
raw_missing,domemae,2025-10-08,202601,1,202601,,C:\Users\中村圭一\projects\rm-booking-curve-lab\data\pms_nface_raw\domemae,ERROR
raw_missing,domemae,2025-10-09,202601,1,202601,,C:\Users\中村圭一\projects\rm-booking-curve-lab\data\pms_nface_raw\domemae,ERROR
raw_missing,domemae,2025-10-10,202601,1,202601,,C:\Users\中村圭一\projects\rm-booking-curve-lab\data\pms_nface_raw\domemae,ERROR
raw_missing,domemae,2025-10-11,202601,1,202601,,C:\Users\中村圭一\projects\rm-booking-curve-lab\data\pms_nface_raw\domemae,ERROR
raw_missing,domemae,2025-10-12,202601,1,202601,,C:\Users\中村圭一\projects\rm-booking-curve-lab\data\pms_nface_raw\domemae,ERROR
raw_missing,domemae,2025-10-13,202601,1,202601,,C:\Users\中村圭一\projects\rm-booking-curve-lab\data\pms_nface_raw\domemae,ERROR
raw_missing,domemae,2025-10-14,202601,1,202601,,C:\Users\中村圭一\projects\rm-booking-curve-lab\data\pms_nface_raw\domemae,ERROR
raw_missing,domemae,2025-10-15,202601,1,202601,,C:\Users\中村圭一\projects\rm-booking-curve-lab\data\pms_nface_raw\domemae,ERROR
raw_missing,domemae,2025-10-16,202601,1,202601,,C:\Users\中村圭一\projects\rm-booking-curve-lab\data\pms_nface_raw\domemae,ERROR
raw_missing,domemae,2025-10-17,202601,1,202601,,C:\Users\中村圭一\projects\rm-booking-curve-lab\data\pms_nface_raw\domemae,ERROR
raw_missing,domemae,2025-10-18,202601,1,202601,,C:\Users\中村圭一\projects\rm-booking-curve-lab\data\pms_nface_raw\domemae,ERROR
raw_missing,domemae,2025-10-19,202601,1,202601,,C:\Users\中村圭一\projects\rm-booking-curve-lab\data\pms_nface_raw\domemae,ERROR
raw_missing,domemae,2025-10-20,202601,1,202601,,C:\Users\中村圭一\projects\rm-booking-curve-lab\data\pms_nface_raw\domemae,ERROR
raw_missing,domemae,2025-10-21,202601,1,202601,,C:\Users\中村圭一\projects\rm-booking-curve-lab\data\pms_nface_raw\domemae,ERROR
raw_missing,domemae,2025-10-22,202601,1,202601,,C:\Users\中村圭一\projects\rm-booking-curve-lab\data\pms_nface_raw\domemae,ERROR
raw_missing,domemae,2025-10-23,202601,1,202601,,C:\Users\中村圭一\projects\rm-booking-curve-lab\data\pms_nface_raw\domemae,ERROR
raw_missing,domemae,2025-10-24,202601,1,202601,,C:\Users\中村圭一\projects\rm-booking-curve-lab\data\pms_nface_raw\domemae,ERROR
raw_missing,domemae,2025-10-25,202601,1,202601,,C:\Users\中村圭一\projects\rm-booking-curve-lab\data\pms_nface_raw\domemae,ERROR
raw_missing,domemae,2025-10-26,202601,1,202601,,C:\Users\中村圭一\projects\rm-booking-curve-lab\data\pms_nface_raw\domemae,ERROR
raw_missing,domemae,2025-10-27,202601,1,202601,,C:\Users\中村圭一\projects\rm-booking-curve-lab\data\pms_nface_raw\domemae,ERROR
raw_missing,domemae,2025-10-28,202601,1,202601,,C:\Users\中村圭一\projects\rm-booking-curve-lab\data\pms_nface_raw\domemae,ERROR
raw_missing,domemae,2025-10-29,202601,1,202601,,C:\Users\中村圭一\projects\rm-booking-curve-lab\data\pms_nface_raw\domemae,ERROR
raw_missing,domemae,2025-10-30,202601,1,202601,,C:\Users\中村圭一\projects\rm-booking-curve-lab\data\pms_nface_raw\domemae,ERROR
raw_missing,domemae,2025-10-31,202601,1,202601,,C:\Users\中村圭一\projects\rm-booking-curve-lab\data\pms_nface_raw\domemae,ERROR
raw_missing,domemae,2025-11-01,202601,1,202601,,C:\Users\中村圭一\projects\rm-booking-curve-lab\data\pms_nface_raw\domemae,ERROR
raw_missing,domemae,2025-11-01,202602,1,202602,,C:\Users\中村圭一\projects\rm-booking-curve-lab\data\pms_nface_raw\domemae,ERROR
raw_missing,domemae,2025-11-02,202601,1,202601,,C:\Users\中村圭一\projects\rm-booking-curve-lab\data\pms_nface_raw\domemae,ERROR
raw_missing,domemae,2025-11-02,202602,1,202602,,C:\Users\中村圭一\projects\rm-booking-curve-lab\data\pms_nface_raw\domemae,ERROR
raw_missing,domemae,2025-11-03,202601,1,202601,,C:\Users\中村圭一\projects\rm-booking-curve-lab\data\pms_nface_raw\domemae,ERROR
raw_missing,domemae,2025-11-03,202602,1,202602,,C:\Users\中村圭一\projects\rm-booking-curve-lab\data\pms_nface_raw\domemae,ERROR
raw_missing,domemae,2025-11-04,202601,1,202601,,C:\Users\中村圭一\projects\rm-booking-curve-lab\data\pms_nface_raw\domemae,ERROR
raw_missing,domemae,2025-11-04,202602,1,202602,,C:\Users\中村圭一\projects\rm-booking-curve-lab\data\pms_nface_raw\domemae,ERROR
raw_missing,domemae,2025-11-05,202601,1,202601,,C:\Users\中村圭一\projects\rm-booking-curve-lab\data\pms_nface_raw\domemae,ERROR
raw_missing,domemae,2025-11-05,202602,1,202602,,C:\Users\中村圭一\projects\rm-booking-curve-lab\data\pms_nface_raw\domemae,ERROR
raw_missing,domemae,2025-11-06,202601,1,202601,,C:\Users\中村圭一\projects\rm-booking-curve-lab\data\pms_nface_raw\domemae,ERROR
raw_missing,domemae,2025-11-06,202602,1,202602,,C:\Users\中村圭一\projects\rm-booking-curve-lab\data\pms_nface_raw\domemae,ERROR
raw_missing,domemae,2025-11-07,202601,1,202601,,C:\Users\中村圭一\projects\rm-booking-curve-lab\data\pms_nface_raw\domemae,ERROR
raw_missing,domemae,2025-11-07,202602,1,202602,,C:\Users\中村圭一\projects\rm-booking-curve-lab\data\pms_nface_raw\domemae,ERROR
raw_missing,domemae,2025-11-08,202601,1,202601,,C:\Users\中村圭一\projects\rm-booking-curve-lab\data\pms_nface_raw\domemae,ERROR
raw_missing,domemae,2025-11-08,202602,1,202602,,C:\Users\中村圭一\projects\rm-booking-curve-lab\data\pms_nface_raw\domemae,ERROR
raw_missing,domemae,2025-11-09,202601,1,202601,,C:\Users\中村圭一\projects\rm-booking-curve-lab\data\pms_nface_raw\domemae,ERROR
raw_missing,domemae,2025-11-09,202602,1,202602,,C:\Users\中村圭一\projects\rm-booking-curve-lab\data\pms_nface_raw\domemae,ERROR
raw_missing,domemae,2025-11-10,202601,1,202601,,C:\Users\中村圭一\projects\rm-booking-curve-lab\data\pms_nface_raw\domemae,ERROR
raw_missing,domemae,2025-11-10,202602,1,202602,,C:\Users\中村圭一\projects\rm-booking-curve-lab\data\pms_nface_raw\domemae,ERROR
raw_missing,domemae,2025-11-11,202601,1,202601,,C:\Users\中村圭一\projects\rm-booking-curve-lab\data\pms_nface_raw\domemae,ERROR
raw_missing,domemae,2025-11-11,202602,1,202602,,C:\Users\中村圭一\projects\rm-booking-curve-lab\data\pms_nface_raw\domemae,ERROR
raw_missing,domemae,2025-11-12,202601,1,202601,,C:\Users\中村圭一\projects\rm-booking-curve-lab\data\pms_nface_raw\domemae,ERROR
raw_missing,domemae,2025-11-12,202602,1,202602,,C:\Users\中村圭一\projects\rm-booking-curve-lab\data\pms_nface_raw\domemae,ERROR
raw_missing,domemae,2025-11-13,202601,1,202601,,C:\Users\中村圭一\projects\rm-booking-curve-lab\data\pms_nface_raw\domemae,ERROR
raw_missing,domemae,2025-11-13,202602,1,202602,,C:\Users\中村圭一\projects\rm-booking-curve-lab\data\pms_nface_raw\domemae,ERROR
raw_missing,domemae,2025-11-14,202601,1,202601,,C:\Users\中村圭一\projects\rm-booking-curve-lab\data\pms_nface_raw\domemae,ERROR
raw_missing,domemae,2025-11-14,202602,1,202602,,C:\Users\中村圭一\projects\rm-booking-curve-lab\data\pms_nface_raw\domemae,ERROR
raw_missing,domemae,2025-11-15,202601,1,202601,,C:\Users\中村圭一\projects\rm-booking-curve-lab\data\pms_nface_raw\domemae,ERROR
raw_missing,domemae,2025-11-15,202602,1,202602,,C:\Users\中村圭一\projects\rm-booking-curve-lab\data\pms_nface_raw\domemae,ERROR
raw_missing,domemae,2025-11-16,202601,1,202601,,C:\Users\中村圭一\projects\rm-booking-curve-lab\data\pms_nface_raw\domemae,ERROR
raw_missing,domemae,2025-11-16,202602,1,202602,,C:\Users\中村圭一\projects\rm-booking-curve-lab\data\pms_nface_raw\domemae,ERROR
raw_missing,domemae,2025-11-17,202601,1,202601,,C:\Users\中村圭一\projects\rm-booking-curve-lab\data\pms_nface_raw\domemae,ERROR
raw_missing,domemae,2025-11-17,202602,1,202602,,C:\Users\中村圭一\projects\rm-booking-curve-lab\data\pms_nface_raw\domemae,ERROR
raw_missing,domemae,2025-11-18,202601,1,202601,,C:\Users\中村圭一\projects\rm-booking-curve-lab\data\pms_nface_raw\domemae,ERROR
raw_missing,domemae,2025-11-18,202602,1,202602,,C:\Users\中村圭一\projects\rm-booking-curve-lab\data\pms_nface_raw\domemae,ERROR
raw_missing,domemae,2025-11-19,202601,1,202601,,C:\Users\中村圭一\projects\rm-booking-curve-lab\data\pms_nface_raw\domemae,ERROR
raw_missing,domemae,2025-11-19,202602,1,202602,,C:\Users\中村圭一\projects\rm-booking-curve-lab\data\pms_nface_raw\domemae,ERROR
raw_missing,domemae,2025-11-20,202601,1,202601,,C:\Users\中村圭一\projects\rm-booking-curve-lab\data\pms_nface_raw\domemae,ERROR
raw_missing,domemae,2025-11-20,202602,1,202602,,C:\Users\中村圭一\projects\rm-booking-curve-lab\data\pms_nface_raw\domemae,ERROR
raw_missing,domemae,2025-11-21,202601,1,202601,,C:\Users\中村圭一\projects\rm-booking-curve-lab\data\pms_nface_raw\domemae,ERROR
raw_missing,domemae,2025-11-21,202602,1,202602,,C:\Users\中村圭一\projects\rm-booking-curve-lab\data\pms_nface_raw\domemae,ERROR
raw_missing,domemae,2025-11-22,202601,1,202601,,C:\Users\中村圭一\projects\rm-booking-curve-lab\data\pms_nface_raw\domemae,ERROR
raw_missing,domemae,2025-11-22,202602,1,202602,,C:\Users\中村圭一\projects\rm-booking-curve-lab\data\pms_nface_raw\domemae,ERROR
raw_missing,domemae,2025-11-23,202601,1,202601,,C:\Users\中村圭一\projects\rm-booking-curve-lab\data\pms_nface_raw\domemae,ERROR
raw_missing,domemae,2025-11-23,202602,1,202602,,C:\Users\中村圭一\projects\rm-booking-curve-lab\data\pms_nface_raw\domemae,ERROR
raw_missing,domemae,2025-11-24,202601,1,202601,,C:\Users\中村圭一\projects\rm-booking-curve-lab\data\pms_nface_raw\domemae,ERROR
raw_missing,domemae,2025-11-24,202602,1,202602,,C:\Users\中村圭一\projects\rm-booking-curve-lab\data\pms_nface_raw\domemae,ERROR
raw_missing,domemae,2025-11-25,202601,1,202601,,C:\Users\中村圭一\projects\rm-booking-curve-lab\data\pms_nface_raw\domemae,ERROR
raw_missing,domemae,2025-11-25,202602,1,202602,,C:\Users\中村圭一\projects\rm-booking-curve-lab\data\pms_nface_raw\domemae,ERROR
raw_missing,domemae,2025-11-26,202601,1,202601,,C:\Users\中村圭一\projects\rm-booking-curve-lab\data\pms_nface_raw\domemae,ERROR
raw_missing,domemae,2025-11-26,202602,1,202602,,C:\Users\中村圭一\projects\rm-booking-curve-lab\data\pms_nface_raw\domemae,ERROR
raw_missing,domemae,2025-11-27,202601,1,202601,,C:\Users\中村圭一\projects\rm-booking-curve-lab\data\pms_nface_raw\domemae,ERROR
raw_missing,domemae,2025-11-27,202602,1,202602,,C:\Users\中村圭一\projects\rm-booking-curve-lab\data\pms_nface_raw\domemae,ERROR
raw_missing,domemae,2025-11-28,202601,1,202601,,C:\Users\中村圭一\projects\rm-booking-curve-lab\data\pms_nface_raw\domemae,ERROR
raw_missing,domemae,2025-11-28,202602,1,202602,,C:\Users\中村圭一\projects\rm-booking-curve-lab\data\pms_nface_raw\domemae,ERROR
raw_missing,domemae,2025-11-29,202601,1,202601,,C:\Users\中村圭一\projects\rm-booking-curve-lab\data\pms_nface_raw\domemae,ERROR
raw_missing,domemae,2025-11-29,202602,1,202602,,C:\Users\中村圭一\projects\rm-booking-curve-lab\data\pms_nface_raw\domemae,ERROR
raw_missing,domemae,2025-11-30,202601,1,202601,,C:\Users\中村圭一\projects\rm-booking-curve-lab\data\pms_nface_raw\domemae,ERROR
raw_missing,domemae,2025-11-30,202602,1,202602,,C:\Users\中村圭一\projects\rm-booking-curve-lab\data\pms_nface_raw\domemae,ERROR
raw_missing,domemae,2025-12-01,202601,1,202601,,C:\Users\中村圭一\projects\rm-booking-curve-lab\data\pms_nface_raw\domemae,ERROR
raw_missing,domemae,2025-12-01,202602,1,202602,,C:\Users\中村圭一\projects\rm-booking-curve-lab\data\pms_nface_raw\domemae,ERROR
raw_missing,domemae,2025-12-01,202603,1,202603,,C:\Users\中村圭一\projects\rm-booking-curve-lab\data\pms_nface_raw\domemae,ERROR
raw_missing,domemae,2025-12-02,202601,1,202601,,C:\Users\中村圭一\projects\rm-booking-curve-lab\data\pms_nface_raw\domemae,ERROR
raw_missing,domemae,2025-12-02,202602,1,202602,,C:\Users\中村圭一\projects\rm-booking-curve-lab\data\pms_nface_raw\domemae,ERROR
raw_missing,domemae,2025-12-02,202603,1,202603,,C:\Users\中村圭一\projects\rm-booking-curve-lab\data\pms_nface_raw\domemae,ERROR
raw_missing,domemae,2025-12-03,202601,1,202601,,C:\Users\中村圭一\projects\rm-booking-curve-lab\data\pms_nface_raw\domemae,ERROR
raw_missing,domemae,2025-12-03,202602,1,202602,,C:\Users\中村圭一\projects\rm-booking-curve-lab\data\pms_nface_raw\domemae,ERROR
raw_missing,domemae,2025-12-03,202603,1,202603,,C:\Users\中村圭一\projects\rm-booking-curve-lab\data\pms_nface_raw\domemae,ERROR
raw_missing,domemae,2025-12-04,202601,1,202601,,C:\Users\中村圭一\projects\rm-booking-curve-lab\data\pms_nface_raw\domemae,ERROR
raw_missing,domemae,2025-12-04,202602,1,202602,,C:\Users\中村圭一\projects\rm-booking-curve-lab\data\pms_nface_raw\domemae,ERROR
raw_missing,domemae,2025-12-04,202603,1,202603,,C:\Users\中村圭一\projects\rm-booking-curve-lab\data\pms_nface_raw\domemae,ERROR
raw_missing,domemae,2025-12-05,202601,1,202601,,C:\Users\中村圭一\projects\rm-booking-curve-lab\data\pms_nface_raw\domemae,ERROR
raw_missing,domemae,2025-12-05,202602,1,202602,,C:\Users\中村圭一\projects\rm-booking-curve-lab\data\pms_nface_raw\domemae,ERROR
raw_missing,domemae,2025-12-05,202603,1,202603,,C:\Users\中村圭一\projects\rm-booking-curve-lab\data\pms_nface_raw\domemae,ERROR
raw_missing,domemae,2025-12-06,202601,1,202601,,C:\Users\中村圭一\projects\rm-booking-curve-lab\data\pms_nface_raw\domemae,ERROR
raw_missing,domemae,2025-12-06,202602,1,202602,,C:\Users\中村圭一\projects\rm-booking-curve-lab\data\pms_nface_raw\domemae,ERROR
raw_missing,domemae,2025-12-06,202603,1,202603,,C:\Users\中村圭一\projects\rm-booking-curve-lab\data\pms_nface_raw\domemae,ERROR
raw_missing,domemae,2025-12-07,202601,1,202601,,C:\Users\中村圭一\projects\rm-booking-curve-lab\data\pms_nface_raw\domemae,ERROR
raw_missing,domemae,2025-12-07,202602,1,202602,,C:\Users\中村圭一\projects\rm-booking-curve-lab\data\pms_nface_raw\domemae,ERROR
raw_missing,domemae,2025-12-07,202603,1,202603,,C:\Users\中村圭一\projects\rm-booking-curve-lab\data\pms_nface_raw\domemae,ERROR
raw_missing,domemae,2025-12-08,202601,1,202601,,C:\Users\中村圭一\projects\rm-booking-curve-lab\data\pms_nface_raw\domemae,ERROR
raw_missing,domemae,2025-12-08,202602,1,202602,,C:\Users\中村圭一\projects\rm-booking-curve-lab\data\pms_nface_raw\domemae,ERROR
raw_missing,domemae,2025-12-08,202603,1,202603,,C:\Users\中村圭一\projects\rm-booking-curve-lab\data\pms_nface_raw\domemae,ERROR
raw_missing,domemae,2025-12-09,202601,1,202601,,C:\Users\中村圭一\projects\rm-booking-curve-lab\data\pms_nface_raw\domemae,ERROR
raw_missing,domemae,2025-12-09,202602,1,202602,,C:\Users\中村圭一\projects\rm-booking-curve-lab\data\pms_nface_raw\domemae,ERROR
raw_missing,domemae,2025-12-09,202603,1,202603,,C:\Users\中村圭一\projects\rm-booking-curve-lab\data\pms_nface_raw\domemae,ERROR
raw_missing,domemae,2025-12-10,202601,1,202601,,C:\Users\中村圭一\projects\rm-booking-curve-lab\data\pms_nface_raw\domemae,ERROR
raw_missing,domemae,2025-12-10,202602,1,202602,,C:\Users\中村圭一\projects\rm-booking-curve-lab\data\pms_nface_raw\domemae,ERROR
raw_missing,domemae,2025-12-10,202603,1,202603,,C:\Users\中村圭一\projects\rm-booking-curve-lab\data\pms_nface_raw\domemae,ERROR
raw_missing,domemae,2025-12-11,202601,1,202601,,C:\Users\中村圭一\projects\rm-booking-curve-lab\data\pms_nface_raw\domemae,ERROR
raw_missing,domemae,2025-12-11,202602,1,202602,,C:\Users\中村圭一\projects\rm-booking-curve-lab\data\pms_nface_raw\domemae,ERROR
raw_missing,domemae,2025-12-11,202603,1,202603,,C:\Users\中村圭一\projects\rm-booking-curve-lab\data\pms_nface_raw\domemae,ERROR
raw_missing,domemae,2025-12-12,202601,1,202601,,C:\Users\中村圭一\projects\rm-booking-curve-lab\data\pms_nface_raw\domemae,ERROR
raw_missing,domemae,2025-12-12,202602,1,202602,,C:\Users\中村圭一\projects\rm-booking-curve-lab\data\pms_nface_raw\domemae,ERROR
raw_missing,domemae,2025-12-12,202603,1,202603,,C:\Users\中村圭一\projects\rm-booking-curve-lab\data\pms_nface_raw\domemae,ERROR
stale_latest_asof,domemae,2025-12-12,,0,,最新ASOFが 13 日前です,C:\Users\中村圭一\projects\rm-booking-curve-lab\data\pms_nface_raw\domemae,WARN
snapshot_pair_missing,domemae,2023-10-18,202301,1,202301,raw exists but daily snapshot is missing,C:\Users\中村圭一\projects\rm-booking-curve-lab\output\daily_snapshots_domemae.csv,ERROR
snapshot_pair_missing,domemae,2023-11-02,202301,1,202301,raw exists but daily snapshot is missing,C:\Users\中村圭一\projects\rm-booking-curve-lab\output\daily_snapshots_domemae.csv,ERROR
snapshot_pair_missing,domemae,2024-03-02,202402,1,202402,raw exists but daily snapshot is missing,C:\Users\中村圭一\projects\rm-booking-curve-lab\output\daily_snapshots_domemae.csv,ERROR
snapshot_pair_missing,domemae,2024-05-02,202404,1,202404,raw exists but daily snapshot is missing,C:\Users\中村圭一\projects\rm-booking-curve-lab\output\daily_snapshots_domemae.csv,ERROR
snapshot_pair_missing,domemae,2024-03-03,202405,1,202405,raw exists but daily snapshot is missing,C:\Users\中村圭一\projects\rm-booking-curve-lab\output\daily_snapshots_domemae.csv,ERROR
snapshot_pair_missing,domemae,2024-03-20,202405,1,202405,raw exists but daily snapshot is missing,C:\Users\中村圭一\projects\rm-booking-curve-lab\output\daily_snapshots_domemae.csv,ERROR
snapshot_pair_missing,domemae,2024-06-02,202405,1,202405,raw exists but daily snapshot is missing,C:\Users\中村圭一\projects\rm-booking-curve-lab\output\daily_snapshots_domemae.csv,ERROR
snapshot_pair_missing,domemae,2024-06-11,202406,1,202406,raw exists but daily snapshot is missing,C:\Users\中村圭一\projects\rm-booking-curve-lab\output\daily_snapshots_domemae.csv,ERROR
snapshot_pair_missing,domemae,2024-06-17,202406,1,202406,raw exists but daily snapshot is missing,C:\Users\中村圭一\projects\rm-booking-curve-lab\output\daily_snapshots_domemae.csv,ERROR
snapshot_pair_missing,domemae,2024-08-13,202408,1,202408,raw exists but daily snapshot is missing,C:\Users\中村圭一\projects\rm-booking-curve-lab\output\daily_snapshots_domemae.csv,ERROR
snapshot_pair_missing,domemae,2024-08-07,202409,1,202409,raw exists but daily snapshot is missing,C:\Users\中村圭一\projects\rm-booking-curve-lab\output\daily_snapshots_domemae.csv,ERROR
snapshot_pair_missing,domemae,2024-08-07,202411,1,202411,raw exists but daily snapshot is missing,C:\Users\中村圭一\projects\rm-booking-curve-lab\output\daily_snapshots_domemae.csv,ERROR
snapshot_pair_missing,domemae,2024-09-11,202412,1,202412,raw exists but daily snapshot is missing,C:\Users\中村圭一\projects\rm-booking-curve-lab\output\daily_snapshots_domemae.csv,ERROR
snapshot_pair_missing,domemae,2025-04-04,202504,1,202504,raw exists but daily snapshot is missing,C:\Users\中村圭一\projects\rm-booking-curve-lab\output\daily_snapshots_domemae.csv,ERROR
snapshot_pair_missing,domemae,2025-05-05,202505,1,202505,raw exists but daily snapshot is missing,C:\Users\中村圭一\projects\rm-booking-curve-lab\output\daily_snapshots_domemae.csv,ERROR
snapshot_pair_missing,domemae,2025-05-07,202505,1,202505,raw exists but daily snapshot is missing,C:\Users\中村圭一\projects\rm-booking-curve-lab\output\daily_snapshots_domemae.csv,ERROR
snapshot_pair_missing,domemae,2025-05-08,202505,1,202505,raw exists but daily snapshot is missing,C:\Users\中村圭一\projects\rm-booking-curve-lab\output\daily_snapshots_domemae.csv,ERROR
snapshot_pair_missing,domemae,2025-05-09,202505,1,202505,raw exists but daily snapshot is missing,C:\Users\中村圭一\projects\rm-booking-curve-lab\output\daily_snapshots_domemae.csv,ERROR
onhand_missing,domemae,2023-10-21,202401,1,2024-01-31,,C:\Users\中村圭一\projects\rm-booking-curve-lab\output\daily_snapshots_domemae.csv,ERROR
onhand_missing,domemae,2023-12-15,202403,1,2024-03-31,,C:\Users\中村圭一\projects\rm-booking-curve-lab\output\daily_snapshots_domemae.csv,ERROR
onhand_missing,domemae,2024-08-12,202408,1,2024-08-31,,C:\Users\中村圭一\projects\rm-booking-curve-lab\output\daily_snapshots_domemae.csv,ERROR
onhand_missing,domemae,2024-08-12,202411,1,2024-11-30,,C:\Users\中村圭一\projects\rm-booking-curve-lab\output\daily_snapshots_domemae.csv,ERROR
onhand_missing,domemae,2024-08-13,202411,1,2024-11-30,,C:\Users\中村圭一\projects\rm-booking-curve-lab\output\daily_snapshots_domemae.csv,ERROR
onhand_missing,domemae,2024-10-02,202501,1,2025-01-31,,C:\Users\中村圭一\projects\rm-booking-curve-lab\output\daily_snapshots_domemae.csv,ERROR
act_missing,domemae,2023-10-18,202301,31,(no snapshot for closing_asof),,C:\Users\中村圭一\projects\rm-booking-curve-lab\output\daily_snapshots_domemae.csv,ERROR
